stu_id:token,class_id:token,gender:float
0,219,
1,242,
2,44,0.0
3,315,
4,227,0.0
5,215,
6,196,1.0
7,278,0.0
8,21,1.0
9,321,1.0
10,171,
11,86,1.0
12,312,1.0
13,177,1.0
14,122,
15,336,0.0
16,266,
17,280,1.0
18,282,
19,64,1.0
20,32,1.0
21,314,0.0
22,84,1.0
23,3,1.0
24,318,1.0
25,26,0.0
26,3,1.0
27,103,
28,188,1.0
29,220,
30,270,1.0
31,13,1.0
32,22,1.0
33,12,0.0
34,47,
35,169,0.0
36,85,0.0
37,315,
38,227,1.0
39,347,1.0
40,260,1.0
41,15,
42,282,
43,247,0.0
44,175,
45,174,
46,147,0.0
47,295,1.0
48,139,1.0
49,236,1.0
50,128,1.0
51,184,0.0
52,244,
53,222,0.0
54,5,1.0
55,143,
56,164,1.0
57,293,0.0
58,263,1.0
59,295,
60,317,
61,64,0.0
62,177,0.0
63,180,0.0
64,57,1.0
65,344,
66,139,1.0
67,3,0.0
68,44,
69,271,
70,187,
71,344,
72,232,0.0
73,13,0.0
74,186,
75,203,0.0
76,146,0.0
77,50,
78,133,1.0
79,107,
80,285,
81,44,1.0
82,129,1.0
83,190,1.0
84,305,0.0
85,255,1.0
86,99,1.0
87,139,1.0
88,35,1.0
89,70,1.0
90,277,
91,71,
92,169,1.0
93,40,1.0
94,46,1.0
95,71,
96,197,1.0
97,282,
98,220,
99,169,1.0
100,87,
101,286,1.0
102,238,
103,327,0.0
104,277,
105,67,0.0
106,272,1.0
107,192,1.0
108,32,1.0
109,77,
110,175,
111,190,1.0
112,307,
113,105,0.0
114,227,0.0
115,300,0.0
116,265,1.0
117,81,1.0
118,184,1.0
119,342,0.0
120,86,0.0
121,5,0.0
122,317,
123,49,
124,200,1.0
125,167,1.0
126,329,
127,181,0.0
128,299,
129,177,0.0
130,12,1.0
131,119,0.0
132,233,0.0
133,87,
134,232,0.0
135,94,0.0
136,238,
137,84,0.0
138,10,
139,242,
140,251,
141,181,0.0
142,161,0.0
143,13,0.0
144,136,0.0
145,32,1.0
146,171,
147,217,0.0
148,47,
149,344,
150,22,1.0
151,197,0.0
152,54,0.0
153,5,0.0
154,111,1.0
155,302,
156,202,1.0
157,166,0.0
158,215,
159,277,
160,289,
161,128,1.0
162,69,1.0
163,102,0.0
164,160,1.0
165,111,1.0
166,115,1.0
167,255,0.0
168,31,
169,235,0.0
170,32,0.0
171,331,1.0
172,48,0.0
173,40,0.0
174,289,
175,14,
176,314,1.0
177,242,
178,209,1.0
179,115,0.0
180,321,1.0
181,321,1.0
182,106,
183,229,0.0
184,334,
185,322,1.0
186,122,
187,14,
188,336,0.0
189,277,
190,268,0.0
191,229,1.0
192,173,0.0
193,276,1.0
194,151,0.0
195,36,
196,266,
197,307,
198,324,0.0
199,114,
200,344,
201,224,
202,84,0.0
203,10,
204,189,1.0
205,136,0.0
206,298,
207,217,1.0
208,173,
209,113,1.0
210,222,0.0
211,148,1.0
212,163,
213,331,
214,219,
215,304,0.0
216,346,
217,71,
218,204,1.0
219,17,
220,129,0.0
221,317,
222,269,
223,163,
224,142,
225,44,1.0
226,163,
227,41,
228,195,0.0
229,150,0.0
230,39,
231,220,
232,237,
233,44,0.0
234,101,1.0
235,27,1.0
236,162,
237,161,1.0
238,77,
239,54,1.0
240,246,
241,114,
242,96,1.0
243,12,0.0
244,9,
245,315,
246,136,1.0
247,165,
248,131,0.0
249,270,0.0
250,82,0.0
251,238,
252,173,1.0
253,119,1.0
254,98,0.0
255,17,
256,47,
257,273,0.0
258,103,
259,341,0.0
260,312,0.0
261,175,
262,26,0.0
263,223,1.0
264,250,
265,269,
266,1,
267,82,0.0
268,240,1.0
269,282,
270,207,
271,224,
272,322,0.0
273,42,0.0
274,14,
275,177,
276,142,
277,204,0.0
278,173,0.0
279,132,0.0
280,302,
281,44,
282,66,0.0
283,48,
284,23,1.0
285,316,0.0
286,230,1.0
287,75,
288,211,0.0
289,338,
290,119,1.0
291,286,1.0
292,177,0.0
293,72,0.0
294,138,0.0
295,203,1.0
296,304,0.0
297,126,0.0
298,115,1.0
299,72,0.0
300,90,1.0
301,265,0.0
302,277,
303,102,0.0
304,149,0.0
305,342,1.0
306,224,
307,124,
308,273,0.0
309,195,1.0
310,295,0.0
311,284,1.0
312,67,1.0
313,181,1.0
314,227,0.0
315,254,0.0
316,178,
317,196,0.0
318,304,0.0
319,188,1.0
320,55,0.0
321,157,0.0
322,268,1.0
323,58,0.0
324,302,
325,179,1.0
326,334,
327,321,0.0
328,135,
329,261,0.0
330,198,
331,197,0.0
332,188,1.0
333,79,1.0
334,284,
335,252,
336,7,0.0
337,305,0.0
338,197,0.0
339,103,
340,215,
341,114,
342,32,0.0
343,117,1.0
344,271,
345,347,0.0
346,255,0.0
347,282,
348,244,
349,339,0.0
350,82,0.0
351,151,1.0
352,105,0.0
353,169,1.0
354,180,0.0
355,132,1.0
356,239,
357,315,
358,17,
359,235,0.0
360,343,0.0
361,218,1.0
362,151,1.0
363,340,0.0
364,85,0.0
365,160,0.0
366,18,1.0
367,129,1.0
368,115,0.0
369,12,1.0
370,72,0.0
371,312,0.0
372,348,
373,194,1.0
374,221,
375,72,0.0
376,29,
377,19,
378,222,0.0
379,14,
380,157,1.0
381,163,
382,162,
383,300,0.0
384,199,
385,309,
386,348,
387,282,
388,128,0.0
389,152,0.0
390,185,0.0
391,283,0.0
392,260,1.0
393,332,
394,211,0.0
395,275,0.0
396,12,0.0
397,171,
398,207,
399,333,0.0
400,146,1.0
401,139,1.0
402,77,
403,233,0.0
404,99,
405,216,1.0
406,279,
407,215,
408,169,1.0
409,297,
410,297,
411,304,0.0
412,98,1.0
413,22,1.0
414,88,1.0
415,119,1.0
416,121,
417,151,1.0
418,46,1.0
419,317,
420,346,
421,213,
422,276,1.0
423,94,
424,55,0.0
425,222,0.0
426,343,1.0
427,57,
428,277,
429,188,0.0
430,10,
431,284,0.0
432,236,1.0
433,95,
434,192,0.0
435,81,0.0
436,10,
437,157,0.0
438,150,1.0
439,44,1.0
440,110,1.0
441,233,1.0
442,174,
443,81,1.0
444,40,1.0
445,139,1.0
446,3,0.0
447,146,0.0
448,242,
449,88,0.0
450,343,1.0
451,321,0.0
452,22,0.0
453,29,
454,334,
455,79,
456,36,
457,86,0.0
458,236,0.0
459,256,0.0
460,13,1.0
461,124,
462,271,
463,106,
464,331,1.0
465,146,1.0
466,17,
467,321,1.0
468,216,1.0
469,178,
470,84,1.0
471,133,1.0
472,66,0.0
473,276,1.0
474,13,1.0
475,270,1.0
476,273,1.0
477,280,1.0
478,281,
479,271,
480,149,0.0
481,40,1.0
482,339,0.0
483,230,0.0
484,167,1.0
485,242,
486,182,
487,233,0.0
488,102,1.0
489,276,1.0
490,98,0.0
491,201,
492,220,
493,192,1.0
494,7,1.0
495,112,
496,92,1.0
497,306,
498,309,
499,344,
500,307,
501,103,
502,103,
503,9,
504,136,1.0
505,201,
506,207,
507,110,0.0
508,5,1.0
509,3,1.0
510,22,0.0
511,324,0.0
512,3,0.0
513,321,0.0
514,94,1.0
515,31,
516,179,0.0
517,254,1.0
518,88,0.0
519,140,
520,140,
521,329,
522,18,1.0
523,276,1.0
524,347,1.0
525,136,1.0
526,268,1.0
527,285,
528,245,1.0
529,103,
530,214,
531,32,0.0
532,227,1.0
533,81,0.0
534,214,
535,88,1.0
536,329,
537,37,
538,332,0.0
539,3,0.0
540,139,1.0
541,236,0.0
542,81,0.0
543,132,0.0
544,69,0.0
545,9,
546,280,1.0
547,302,
548,77,
549,146,0.0
550,344,
551,255,1.0
552,152,
553,64,0.0
554,250,
555,78,
556,100,
557,256,0.0
558,83,0.0
559,80,
560,29,
561,152,1.0
562,338,
563,327,1.0
564,23,1.0
565,122,
566,267,1.0
567,343,1.0
568,285,
569,149,1.0
570,64,1.0
571,321,0.0
572,27,0.0
573,149,0.0
574,44,0.0
575,122,
576,234,1.0
577,252,
578,173,
579,96,1.0
580,312,1.0
581,340,1.0
582,44,1.0
583,181,1.0
584,105,0.0
585,58,0.0
586,229,0.0
587,248,
588,229,0.0
589,84,0.0
590,88,1.0
591,71,
592,195,1.0
593,347,0.0
594,163,
595,324,
596,69,1.0
597,53,1.0
598,278,1.0
599,7,1.0
600,268,0.0
601,206,0.0
602,89,
603,124,1.0
604,188,1.0
605,250,
606,29,
607,218,0.0
608,96,1.0
609,143,
610,273,0.0
611,344,
612,271,
613,64,1.0
614,222,0.0
615,277,
616,152,1.0
617,341,1.0
618,137,1.0
619,16,1.0
620,275,0.0
621,44,1.0
622,125,0.0
623,178,
624,227,0.0
625,254,0.0
626,276,1.0
627,112,
628,218,0.0
629,216,
630,209,1.0
631,334,
632,107,
633,295,1.0
634,41,
635,156,0.0
636,128,0.0
637,109,
638,303,0.0
639,295,1.0
640,14,
641,32,0.0
642,334,
643,223,1.0
644,250,
645,184,1.0
646,70,1.0
647,70,0.0
648,267,1.0
649,94,
650,249,
651,302,
652,35,1.0
653,327,0.0
654,236,0.0
655,116,
656,171,
657,95,0.0
658,342,0.0
659,12,0.0
660,339,0.0
661,14,
662,157,1.0
663,219,
664,332,
665,18,1.0
666,94,
667,207,
668,44,1.0
669,289,
670,14,
671,9,
672,175,
673,42,0.0
674,79,1.0
675,346,
676,2,1.0
677,299,
678,145,
679,104,0.0
680,302,
681,270,1.0
682,229,0.0
683,188,0.0
684,178,
685,138,0.0
686,152,
687,138,1.0
688,143,
689,214,
690,324,
691,79,
692,227,1.0
693,312,1.0
694,282,
695,227,1.0
696,13,0.0
697,41,
698,181,0.0
699,3,0.0
700,251,
701,44,1.0
702,79,
703,7,0.0
704,115,0.0
705,287,
706,40,0.0
707,215,
708,184,1.0
709,207,
710,169,1.0
711,133,1.0
712,110,1.0
713,273,0.0
714,222,0.0
715,273,1.0
716,83,1.0
717,88,0.0
718,149,0.0
719,285,
720,122,
721,279,0.0
722,322,0.0
723,26,
724,178,
725,192,1.0
726,105,1.0
727,36,
728,184,0.0
729,71,
730,185,0.0
731,28,0.0
732,114,
733,280,0.0
734,1,
735,10,
736,245,1.0
737,144,
738,167,1.0
739,297,
740,329,
741,270,1.0
742,5,0.0
743,47,
744,192,0.0
745,148,1.0
746,13,0.0
747,1,
748,285,
749,95,
750,103,
751,132,1.0
752,152,
753,71,
754,215,
755,86,0.0
756,17,
757,77,
758,98,1.0
759,14,
760,8,0.0
761,87,
762,213,
763,44,1.0
764,47,
765,101,1.0
766,138,0.0
767,285,
768,185,0.0
769,30,
770,315,
771,267,1.0
772,280,1.0
773,344,
774,128,1.0
775,222,1.0
776,232,1.0
777,14,
778,124,1.0
779,334,
780,232,1.0
781,224,
782,286,0.0
783,113,0.0
784,177,1.0
785,146,1.0
786,132,1.0
787,233,1.0
788,4,0.0
789,47,
790,185,0.0
791,348,
792,213,
793,203,1.0
794,265,1.0
795,321,0.0
796,1,
797,88,1.0
798,230,0.0
799,220,
800,184,1.0
801,40,1.0
802,89,
803,203,0.0
804,129,0.0
805,220,
806,305,1.0
807,307,
808,77,
809,222,0.0
810,83,0.0
811,312,1.0
812,160,0.0
813,250,
814,298,1.0
815,181,1.0
816,18,1.0
817,307,
818,140,
819,2,1.0
820,238,
821,213,
822,54,0.0
823,251,
824,177,1.0
825,161,1.0
826,169,1.0
827,175,
828,0,
829,173,
830,44,0.0
831,179,0.0
832,167,1.0
833,224,
834,187,
835,3,1.0
836,84,1.0
837,138,1.0
838,14,
839,340,1.0
840,222,0.0
841,44,0.0
842,236,0.0
843,102,0.0
844,103,
845,102,0.0
846,11,1.0
847,184,0.0
848,187,
849,224,
850,47,
851,132,1.0
852,169,0.0
853,227,1.0
854,134,0.0
855,185,0.0
856,79,0.0
857,170,
858,29,
859,72,0.0
860,151,0.0
861,312,0.0
862,282,
863,36,
864,169,1.0
865,219,
866,69,1.0
867,99,1.0
868,148,1.0
869,44,
870,23,1.0
871,8,1.0
872,224,
873,238,
874,103,
875,278,1.0
876,282,
877,213,
878,255,0.0
879,99,1.0
880,175,
881,273,0.0
882,245,0.0
883,223,1.0
884,252,
885,200,1.0
886,54,0.0
887,236,0.0
888,260,1.0
889,263,1.0
890,81,1.0
891,162,
892,229,0.0
893,269,
894,135,
895,146,1.0
896,238,
897,145,
898,255,1.0
899,295,0.0
900,12,0.0
901,204,0.0
902,9,
903,140,
904,265,0.0
905,111,0.0
906,175,
907,1,
908,247,0.0
909,81,1.0
910,41,
911,232,0.0
912,182,
913,153,
914,44,0.0
915,315,
916,28,0.0
917,50,
918,292,0.0
919,40,1.0
920,347,1.0
921,69,0.0
922,113,1.0
923,157,1.0
924,185,0.0
925,3,0.0
926,166,1.0
927,54,0.0
928,237,
929,39,
930,257,1.0
931,56,1.0
932,18,1.0
933,279,0.0
934,64,1.0
935,3,0.0
936,112,
937,299,
938,339,0.0
939,27,1.0
940,27,0.0
941,254,0.0
942,87,
943,339,0.0
944,9,
945,50,
946,174,
947,213,
948,232,1.0
949,219,
950,192,0.0
951,114,
952,44,
953,190,1.0
954,148,1.0
955,40,1.0
956,217,0.0
957,269,
958,234,0.0
959,222,1.0
960,273,1.0
961,160,1.0
962,197,0.0
963,59,1.0
964,43,1.0
965,40,0.0
966,192,1.0
967,244,
968,93,0.0
969,334,
970,319,
971,29,
972,111,0.0
973,198,
974,130,
975,251,
976,305,0.0
977,275,0.0
978,188,0.0
979,136,1.0
980,148,0.0
981,160,0.0
982,273,0.0
983,237,
984,136,1.0
985,29,
986,256,0.0
987,12,1.0
988,221,
989,24,
990,92,0.0
991,215,
992,273,1.0
993,188,1.0
994,235,0.0
995,302,
996,128,1.0
997,5,0.0
998,198,
999,190,0.0
1000,287,
1001,346,
1002,237,
1003,250,
1004,224,
1005,277,
1006,92,0.0
1007,100,
1008,177,0.0
1009,57,0.0
1010,271,
1011,256,1.0
1012,161,0.0
1013,103,
1014,96,0.0
1015,232,1.0
1016,19,
1017,249,
1018,81,0.0
1019,122,
1020,329,
1021,7,0.0
1022,85,0.0
1023,217,0.0
1024,96,0.0
1025,218,1.0
1026,256,0.0
1027,90,1.0
1028,273,1.0
1029,347,0.0
1030,32,0.0
1031,64,1.0
1032,256,0.0
1033,278,0.0
1034,132,1.0
1035,238,
1036,33,1.0
1037,211,1.0
1038,184,1.0
1039,148,1.0
1040,49,
1041,297,
1042,109,
1043,182,
1044,110,0.0
1045,241,0.0
1046,338,
1047,140,
1048,29,
1049,157,0.0
1050,265,
1051,258,
1052,277,
1053,138,1.0
1054,2,0.0
1055,79,
1056,278,1.0
1057,54,1.0
1058,270,1.0
1059,213,
1060,134,0.0
1061,309,
1062,223,0.0
1063,161,1.0
1064,125,1.0
1065,5,1.0
1066,115,1.0
1067,67,0.0
1068,161,0.0
1069,294,1.0
1070,180,1.0
1071,283,1.0
1072,318,0.0
1073,115,0.0
1074,226,
1075,149,0.0
1076,277,
1077,169,0.0
1078,78,
1079,43,0.0
1080,299,
1081,77,
1082,161,0.0
1083,304,0.0
1084,344,
1085,329,
1086,140,
1087,135,
1088,102,0.0
1089,162,
1090,162,
1091,226,
1092,282,
1093,81,1.0
1094,129,1.0
1095,162,
1096,13,1.0
1097,20,
1098,163,
1099,252,
1100,254,1.0
1101,124,
1102,148,1.0
1103,338,
1104,153,
1105,215,
1106,75,
1107,160,1.0
1108,92,1.0
1109,230,0.0
1110,251,
1111,41,
1112,201,
1113,84,1.0
1114,5,1.0
1115,105,0.0
1116,211,1.0
1117,153,
1118,15,
1119,140,
1120,220,
1121,222,0.0
1122,265,0.0
1123,36,
1124,99,0.0
1125,5,1.0
1126,231,1.0
1127,232,1.0
1128,84,1.0
1129,149,0.0
1130,227,0.0
1131,40,1.0
1132,90,1.0
1133,148,1.0
1134,332,0.0
1135,276,0.0
1136,99,1.0
1137,39,
1138,283,1.0
1139,302,
1140,124,1.0
1141,3,0.0
1142,257,1.0
1143,129,0.0
1144,209,1.0
1145,287,
1146,2,1.0
1147,188,
1148,129,0.0
1149,258,
1150,21,0.0
1151,220,
1152,297,
1153,152,1.0
1154,236,0.0
1155,98,1.0
1156,101,0.0
1157,342,1.0
1158,117,1.0
1159,281,
1160,222,1.0
1161,302,
1162,217,0.0
1163,340,1.0
1164,33,0.0
1165,206,0.0
1166,161,0.0
1167,268,0.0
1168,109,
1169,148,0.0
1170,245,0.0
1171,181,0.0
1172,13,1.0
1173,8,1.0
1174,143,
1175,318,1.0
1176,89,
1177,47,
1178,96,0.0
1179,241,
1180,4,1.0
1181,254,0.0
1182,3,1.0
1183,324,
1184,305,0.0
1185,342,0.0
1186,292,0.0
1187,105,0.0
1188,10,
1189,292,1.0
1190,309,
1191,157,0.0
1192,327,0.0
1193,44,1.0
1194,18,0.0
1195,15,0.0
1196,270,1.0
1197,148,1.0
1198,298,
1199,64,1.0
1200,274,1.0
1201,10,
1202,243,1.0
1203,249,
1204,18,1.0
1205,12,1.0
1206,329,
1207,39,
1208,122,
1209,226,
1210,285,
1211,152,1.0
1212,63,0.0
1213,240,1.0
1214,260,0.0
1215,112,
1216,277,
1217,339,0.0
1218,170,
1219,265,0.0
1220,232,1.0
1221,98,1.0
1222,187,
1223,250,
1224,342,0.0
1225,81,1.0
1226,139,0.0
1227,307,
1228,273,0.0
1229,102,0.0
1230,270,0.0
1231,337,0.0
1232,182,
1233,187,
1234,344,
1235,22,1.0
1236,343,0.0
1237,336,1.0
1238,295,
1239,48,
1240,4,0.0
1241,322,1.0
1242,109,
1243,77,
1244,10,
1245,205,0.0
1246,129,1.0
1247,10,
1248,23,0.0
1249,226,
1250,26,0.0
1251,77,
1252,316,1.0
1253,292,0.0
1254,213,
1255,107,
1256,29,
1257,126,1.0
1258,71,
1259,174,
1260,247,1.0
1261,44,1.0
1262,167,0.0
1263,297,
1264,192,0.0
1265,149,0.0
1266,348,
1267,4,1.0
1268,300,1.0
1269,173,1.0
1270,170,
1271,122,
1272,306,
1273,152,
1274,222,0.0
1275,48,
1276,295,0.0
1277,88,0.0
1278,92,0.0
1279,204,1.0
1280,21,0.0
1281,188,1.0
1282,83,1.0
1283,83,1.0
1284,90,0.0
1285,237,
1286,341,0.0
1287,289,
1288,222,1.0
1289,214,
1290,32,0.0
1291,152,1.0
1292,269,
1293,1,
1294,126,0.0
1295,242,
1296,297,
1297,235,1.0
1298,245,0.0
1299,294,0.0
1300,53,0.0
1301,275,0.0
1302,39,
1303,173,1.0
1304,174,
1305,3,1.0
1306,10,
1307,83,1.0
1308,207,
1309,307,
1310,213,
1311,319,
1312,47,
1313,174,
1314,341,1.0
1315,64,1.0
1316,152,1.0
1317,188,1.0
1318,278,1.0
1319,81,1.0
1320,200,1.0
1321,83,1.0
1322,344,
1323,279,
1324,39,
1325,33,1.0
1326,12,0.0
1327,153,
1328,161,1.0
1329,250,
1330,26,1.0
1331,294,0.0
1332,292,1.0
1333,299,
1334,63,1.0
1335,341,0.0
1336,39,
1337,300,0.0
1338,143,
1339,207,
1340,299,
1341,146,0.0
1342,248,
1343,149,0.0
1344,286,0.0
1345,95,
1346,215,
1347,269,
1348,198,
1349,47,
1350,103,
1351,32,1.0
1352,269,
1353,332,1.0
1354,81,0.0
1355,146,0.0
1356,259,
1357,340,1.0
1358,1,
1359,334,
1360,235,0.0
1361,348,
1362,290,0.0
1363,131,1.0
1364,242,
1365,224,
1366,152,
1367,203,0.0
1368,12,0.0
1369,238,
1370,315,
1371,37,
1372,72,1.0
1373,153,
1374,346,
1375,222,1.0
1376,170,
1377,192,0.0
1378,166,0.0
1379,295,
1380,1,
1381,37,
1382,317,
1383,146,1.0
1384,24,
1385,169,1.0
1386,336,0.0
1387,180,1.0
1388,29,
1389,285,
1390,339,1.0
1391,338,
1392,63,1.0
1393,22,1.0
1394,169,0.0
1395,227,0.0
1396,305,1.0
1397,286,0.0
1398,315,
1399,197,0.0
1400,345,0.0
1401,163,
1402,44,
1403,176,1.0
1404,270,1.0
1405,57,0.0
1406,107,
1407,257,1.0
1408,260,0.0
1409,302,
1410,85,0.0
1411,174,
1412,112,
1413,348,
1414,37,
1415,74,
1416,124,
1417,255,1.0
1418,302,
1419,314,1.0
1420,235,0.0
1421,332,
1422,169,0.0
1423,136,0.0
1424,146,1.0
1425,170,
1426,160,1.0
1427,272,0.0
1428,13,1.0
1429,196,0.0
1430,237,
1431,5,0.0
1432,332,
1433,43,0.0
1434,72,1.0
1435,315,
1436,319,
1437,207,
1438,207,
1439,170,
1440,139,1.0
1441,139,0.0
1442,184,0.0
1443,232,1.0
1444,227,0.0
1445,22,1.0
1446,49,
1447,200,1.0
1448,24,
1449,151,0.0
1450,149,1.0
1451,7,1.0
1452,211,0.0
1453,9,
1454,148,
1455,127,0.0
1456,332,
1457,173,0.0
1458,68,0.0
1459,143,
1460,42,1.0
1461,222,0.0
1462,178,
1463,44,
1464,41,
1465,87,
1466,128,0.0
1467,136,1.0
1468,222,1.0
1469,278,0.0
1470,10,
1471,95,
1472,250,
1473,194,1.0
1474,46,1.0
1475,283,0.0
1476,38,1.0
1477,239,
1478,200,1.0
1479,347,0.0
1480,45,
1481,41,
1482,163,
1483,69,0.0
1484,336,0.0
1485,54,0.0
1486,173,0.0
1487,200,0.0
1488,233,0.0
1489,10,
1490,295,0.0
1491,139,0.0
1492,151,1.0
1493,261,1.0
1494,347,1.0
1495,285,
1496,70,0.0
1497,98,1.0
1498,347,0.0
1499,317,
1500,170,
1501,227,0.0
1502,300,0.0
1503,160,1.0
1504,294,0.0
1505,162,
1506,346,
1507,138,0.0
1508,289,
1509,26,0.0
1510,342,0.0
1511,126,0.0
1512,249,
1513,37,
1514,304,0.0
1515,226,
1516,324,1.0
1517,339,1.0
1518,127,0.0
1519,138,0.0
1520,298,
1521,177,1.0
1522,40,1.0
1523,254,
1524,155,1.0
1525,138,1.0
1526,116,
1527,294,1.0
1528,294,1.0
1529,11,0.0
1530,136,1.0
1531,111,1.0
1532,98,1.0
1533,77,
1534,130,
1535,1,
1536,33,1.0
1537,32,1.0
1538,295,0.0
1539,203,0.0
1540,84,1.0
1541,90,0.0
1542,79,1.0
1543,11,0.0
1544,0,
1545,96,1.0
1546,271,
1547,175,
1548,237,
1549,85,0.0
1550,82,1.0
1551,318,0.0
1552,226,
1553,140,
1554,112,
1555,83,0.0
1556,63,1.0
1557,177,1.0
1558,161,0.0
1559,307,
1560,13,0.0
1561,321,0.0
1562,45,
1563,129,0.0
1564,177,0.0
1565,111,1.0
1566,307,
1567,42,1.0
1568,294,1.0
1569,318,1.0
1570,29,
1571,8,1.0
1572,179,0.0
1573,304,0.0
1574,279,1.0
1575,138,0.0
1576,180,0.0
1577,229,0.0
1578,224,
1579,86,0.0
1580,215,
1581,236,1.0
1582,22,1.0
1583,115,0.0
1584,109,
1585,70,1.0
1586,7,1.0
1587,344,
1588,213,
1589,71,
1590,302,
1591,136,0.0
1592,177,1.0
1593,41,
1594,282,
1595,181,0.0
1596,136,0.0
1597,232,1.0
1598,44,1.0
1599,114,
1600,101,0.0
1601,143,
1602,142,
1603,192,1.0
1604,204,0.0
1605,161,0.0
1606,98,0.0
1607,178,
1608,110,0.0
1609,250,
1610,134,0.0
1611,289,
1612,178,
1613,39,
1614,5,0.0
1615,242,
1616,39,
1617,198,
1618,242,
1619,329,
1620,242,
1621,336,0.0
1622,236,1.0
1623,201,
1624,307,
1625,239,
1626,114,
1627,53,1.0
1628,344,
1629,173,0.0
1630,157,1.0
1631,185,0.0
1632,279,1.0
1633,167,1.0
1634,302,
1635,13,0.0
1636,5,0.0
1637,138,1.0
1638,79,
1639,219,
1640,276,0.0
1641,41,
1642,342,1.0
1643,78,
1644,170,
1645,167,1.0
1646,342,0.0
1647,340,1.0
1648,196,0.0
1649,297,
1650,55,1.0
1651,53,0.0
1652,278,0.0
1653,304,0.0
1654,188,0.0
1655,163,
1656,184,0.0
1657,72,0.0
1658,314,1.0
1659,299,
1660,329,
1661,174,
1662,111,1.0
1663,99,1.0
1664,152,1.0
1665,269,
1666,285,
1667,16,0.0
1668,312,1.0
1669,341,1.0
1670,111,0.0
1671,340,1.0
1672,307,
1673,227,0.0
1674,226,
1675,184,1.0
1676,272,0.0
1677,192,1.0
1678,175,
1679,326,0.0
1680,57,0.0
1681,302,
1682,84,0.0
1683,331,1.0
1684,125,0.0
1685,274,0.0
1686,268,0.0
1687,52,0.0
1688,342,0.0
1689,203,1.0
1690,161,0.0
1691,109,
1692,160,0.0
1693,321,1.0
1694,77,
1695,206,0.0
1696,71,
1697,324,
1698,83,1.0
1699,160,1.0
1700,79,0.0
1701,336,1.0
1702,227,1.0
1703,269,
1704,318,0.0
1705,106,
1706,1,
1707,152,
1708,185,0.0
1709,32,1.0
1710,112,
1711,81,1.0
1712,295,
1713,297,
1714,113,0.0
1715,19,
1716,245,0.0
1717,187,
1718,57,1.0
1719,344,
1720,272,0.0
1721,315,
1722,23,0.0
1723,33,1.0
1724,176,1.0
1725,181,1.0
1726,152,0.0
1727,316,1.0
1728,200,1.0
1729,341,0.0
1730,147,1.0
1731,292,1.0
1732,261,0.0
1733,331,0.0
1734,152,0.0
1735,332,
1736,279,
1737,187,
1738,336,1.0
1739,273,1.0
1740,170,
1741,194,1.0
1742,138,0.0
1743,315,
1744,102,1.0
1745,70,0.0
1746,242,
1747,334,
1748,338,
1749,113,1.0
1750,135,
1751,38,1.0
1752,151,0.0
1753,286,0.0
1754,66,0.0
1755,197,1.0
1756,152,0.0
1757,10,
1758,205,1.0
1759,3,0.0
1760,314,1.0
1761,152,0.0
1762,215,
1763,107,
1764,314,0.0
1765,180,0.0
1766,29,
1767,249,
1768,83,1.0
1769,324,1.0
1770,215,
1771,249,
1772,189,0.0
1773,22,0.0
1774,161,0.0
1775,115,0.0
1776,0,
1777,155,0.0
1778,298,
1779,88,0.0
1780,148,0.0
1781,331,
1782,101,1.0
1783,152,0.0
1784,297,
1785,81,1.0
1786,278,0.0
1787,72,1.0
1788,277,
1789,202,1.0
1790,82,0.0
1791,292,0.0
1792,169,0.0
1793,321,1.0
1794,258,
1795,160,1.0
1796,63,
1797,314,1.0
1798,153,
1799,115,1.0
1800,315,
1801,315,
1802,230,0.0
1803,295,1.0
1804,10,
1805,148,1.0
1806,263,0.0
1807,215,
1808,329,
1809,23,0.0
1810,155,1.0
1811,136,1.0
1812,322,0.0
1813,230,1.0
1814,39,
1815,321,0.0
1816,332,0.0
1817,200,1.0
1818,23,0.0
1819,236,1.0
1820,41,
1821,184,1.0
1822,185,0.0
1823,13,1.0
1824,272,1.0
1825,208,
1826,50,
1827,112,
1828,10,
1829,170,
1830,275,1.0
1831,342,0.0
1832,59,1.0
1833,174,
1834,47,
1835,186,
1836,71,
1837,272,0.0
1838,173,
1839,185,0.0
1840,331,1.0
1841,161,1.0
1842,324,
1843,175,
1844,185,0.0
1845,318,0.0
1846,23,1.0
1847,161,1.0
1848,44,0.0
1849,239,
1850,196,0.0
1851,212,1.0
1852,297,
1853,160,0.0
1854,256,0.0
1855,307,
1856,1,
1857,294,1.0
1858,125,0.0
1859,75,
1860,272,1.0
1861,340,0.0
1862,22,1.0
1863,71,
1864,3,1.0
1865,105,1.0
1866,272,1.0
1867,10,
1868,138,1.0
1869,197,0.0
1870,277,
1871,12,1.0
1872,215,
1873,302,
1874,38,0.0
1875,315,
1876,135,
1877,265,1.0
1878,344,
1879,177,1.0
1880,147,1.0
1881,150,0.0
1882,258,
1883,334,
1884,66,0.0
1885,32,1.0
1886,19,
1887,236,1.0
1888,153,
1889,160,0.0
1890,304,0.0
1891,285,
1892,190,1.0
1893,82,1.0
1894,44,0.0
1895,222,0.0
1896,180,0.0
1897,235,0.0
1898,256,0.0
1899,56,0.0
1900,140,
1901,297,
1902,146,0.0
1903,50,
1904,27,0.0
1905,222,1.0
1906,10,
1907,207,
1908,89,
1909,178,
1910,269,
1911,96,0.0
1912,136,1.0
1913,12,1.0
1914,82,1.0
1915,42,1.0
1916,134,1.0
1917,22,0.0
1918,218,1.0
1919,136,1.0
1920,298,
1921,53,1.0
1922,67,0.0
1923,143,
1924,38,1.0
1925,210,1.0
1926,347,0.0
1927,18,0.0
1928,33,1.0
1929,5,1.0
1930,170,
1931,249,
1932,107,
1933,13,1.0
1934,27,1.0
1935,67,1.0
1936,24,
1937,36,
1938,177,
1939,217,1.0
1940,256,0.0
1941,169,1.0
1942,173,0.0
1943,26,1.0
1944,87,
1945,173,0.0
1946,302,
1947,138,0.0
1948,149,0.0
1949,202,1.0
1950,160,1.0
1951,181,1.0
1952,322,0.0
1953,101,0.0
1954,173,0.0
1955,161,0.0
1956,63,0.0
1957,260,0.0
1958,163,
1959,174,
1960,340,0.0
1961,151,1.0
1962,54,1.0
1963,262,0.0
1964,37,
1965,101,0.0
1966,48,
1967,230,0.0
1968,37,
1969,157,0.0
1970,149,1.0
1971,59,1.0
1972,297,
1973,245,1.0
1974,199,
1975,112,
1976,115,1.0
1977,251,
1978,174,
1979,88,0.0
1980,63,0.0
1981,138,0.0
1982,226,
1983,315,
1984,344,
1985,66,0.0
1986,94,
1987,12,1.0
1988,292,0.0
1989,305,0.0
1990,184,1.0
1991,276,0.0
1992,175,
1993,236,0.0
1994,297,
1995,289,
1996,132,0.0
1997,36,
1998,180,0.0
1999,79,
2000,329,
2001,331,0.0
2002,26,0.0
2003,343,0.0
2004,70,1.0
2005,292,1.0
2006,161,1.0
2007,189,1.0
2008,72,1.0
2009,21,0.0
2010,249,
2011,184,0.0
2012,274,
2013,44,
2014,331,0.0
2015,40,0.0
2016,230,0.0
2017,63,0.0
2018,92,0.0
2019,22,0.0
2020,331,
2021,18,0.0
2022,173,
2023,190,1.0
2024,7,0.0
2025,282,
2026,42,1.0
2027,143,
2028,222,1.0
2029,156,1.0
2030,182,
2031,185,0.0
2032,103,
2033,153,
2034,186,
2035,237,
2036,324,0.0
2037,242,
2038,278,1.0
2039,218,1.0
2040,336,0.0
2041,73,0.0
2042,148,1.0
2043,305,0.0
2044,340,0.0
2045,215,
2046,82,0.0
2047,221,
2048,10,
2049,95,
2050,17,
2051,215,
2052,312,0.0
2053,129,1.0
2054,218,0.0
2055,207,
2056,222,0.0
2057,151,1.0
2058,174,
2059,36,
2060,184,0.0
2061,199,
2062,136,1.0
2063,112,
2064,255,0.0
2065,116,
2066,347,1.0
2067,200,1.0
2068,99,0.0
2069,344,
2070,197,0.0
2071,36,
2072,95,
2073,249,
2074,236,1.0
2075,148,1.0
2076,218,0.0
2077,280,1.0
2078,197,1.0
2079,72,1.0
2080,23,0.0
2081,28,0.0
2082,319,
2083,151,0.0
2084,216,0.0
2085,10,
2086,169,1.0
2087,84,1.0
2088,14,
2089,294,0.0
2090,190,0.0
2091,322,0.0
2092,184,0.0
2093,161,1.0
2094,232,1.0
2095,282,
2096,254,0.0
2097,253,
2098,44,1.0
2099,216,
2100,128,0.0
2101,204,1.0
2102,265,0.0
2103,36,
2104,334,
2105,192,0.0
2106,236,0.0
2107,207,
2108,128,1.0
2109,314,1.0
2110,342,1.0
2111,29,
2112,297,
2113,83,0.0
2114,113,0.0
2115,146,1.0
2116,215,
2117,224,
2118,331,
2119,298,
2120,309,
2121,294,0.0
2122,63,0.0
2123,268,0.0
2124,79,
2125,284,
2126,237,
2127,146,1.0
2128,279,0.0
2129,12,0.0
2130,205,0.0
2131,346,
2132,315,
2133,129,1.0
2134,128,0.0
2135,239,
2136,227,1.0
2137,207,
2138,70,0.0
2139,53,1.0
2140,21,1.0
2141,256,0.0
2142,340,0.0
2143,238,
2144,169,1.0
2145,83,0.0
2146,157,1.0
2147,339,0.0
2148,217,0.0
2149,12,0.0
2150,280,1.0
2151,44,1.0
2152,175,
2153,9,
2154,54,0.0
2155,49,
2156,10,
2157,220,
2158,169,0.0
2159,264,1.0
2160,176,0.0
2161,175,
2162,292,1.0
2163,324,
2164,40,1.0
2165,232,1.0
2166,312,1.0
2167,298,1.0
2168,321,1.0
2169,178,
2170,167,0.0
2171,342,1.0
2172,72,0.0
2173,26,0.0
2174,220,
2175,192,1.0
2176,38,1.0
2177,37,
2178,110,0.0
2179,167,1.0
2180,217,1.0
2181,270,0.0
2182,264,0.0
2183,66,1.0
2184,184,1.0
2185,159,
2186,204,0.0
2187,217,1.0
2188,18,
2189,201,
2190,338,
2191,250,
2192,315,
2193,135,
2194,269,
2195,272,1.0
2196,14,
2197,205,1.0
2198,146,1.0
2199,38,1.0
2200,54,0.0
2201,227,1.0
2202,185,0.0
2203,315,
2204,267,0.0
2205,163,
2206,308,1.0
2207,59,0.0
2208,79,0.0
2209,76,
2210,122,
2211,82,0.0
2212,188,1.0
2213,295,1.0
2214,232,1.0
2215,55,1.0
2216,3,1.0
2217,241,0.0
2218,40,0.0
2219,334,
2220,95,
2221,149,0.0
2222,248,
2223,39,
2224,111,1.0
2225,19,
2226,45,
2227,194,1.0
2228,184,1.0
2229,126,1.0
2230,29,
2231,88,1.0
2232,207,
2233,136,1.0
2234,44,0.0
2235,39,
2236,332,
2237,342,1.0
2238,291,1.0
2239,204,0.0
2240,7,1.0
2241,55,0.0
2242,28,1.0
2243,66,0.0
2244,102,1.0
2245,115,1.0
2246,160,1.0
2247,304,0.0
2248,317,
2249,245,1.0
2250,142,
2251,57,1.0
2252,196,0.0
2253,245,1.0
2254,181,0.0
2255,260,0.0
2256,298,1.0
2257,128,0.0
2258,282,
2259,44,0.0
2260,280,0.0
2261,167,1.0
2262,151,0.0
2263,139,0.0
2264,167,1.0
2265,177,0.0
2266,265,1.0
2267,236,1.0
2268,276,0.0
2269,307,
2270,327,0.0
2271,336,1.0
2272,315,
2273,152,0.0
2274,169,1.0
2275,124,1.0
2276,7,0.0
2277,153,
2278,115,0.0
2279,194,1.0
2280,60,0.0
2281,217,1.0
2282,166,0.0
2283,127,0.0
2284,95,
2285,22,0.0
2286,340,0.0
2287,93,1.0
2288,192,1.0
2289,32,1.0
2290,175,
2291,192,1.0
2292,132,1.0
2293,10,
2294,188,0.0
2295,72,0.0
2296,188,1.0
2297,276,1.0
2298,271,
2299,334,
2300,227,0.0
2301,176,1.0
2302,82,0.0
2303,42,0.0
2304,204,1.0
2305,149,0.0
2306,280,1.0
2307,178,
2308,181,0.0
2309,29,
2310,71,
2311,297,
2312,203,0.0
2313,232,0.0
2314,152,0.0
2315,289,
2316,107,
2317,195,1.0
2318,124,1.0
2319,5,1.0
2320,324,0.0
2321,54,0.0
2322,53,1.0
2323,245,0.0
2324,17,
2325,143,
2326,32,1.0
2327,163,
2328,70,1.0
2329,72,1.0
2330,66,0.0
2331,272,1.0
2332,249,
2333,128,1.0
2334,256,0.0
2335,132,0.0
2336,161,1.0
2337,217,0.0
2338,316,1.0
2339,86,1.0
2340,346,
2341,177,0.0
2342,42,1.0
2343,315,
2344,19,
2345,244,
2346,140,
2347,208,
2348,217,1.0
2349,348,
2350,44,1.0
2351,260,1.0
2352,299,
2353,277,
2354,125,1.0
2355,166,0.0
2356,127,0.0
2357,41,
2358,338,
2359,204,0.0
2360,213,
2361,200,
2362,1,
2363,175,
2364,8,0.0
2365,13,1.0
2366,221,
2367,106,
2368,88,0.0
2369,250,
2370,312,0.0
2371,13,1.0
2372,236,1.0
2373,336,1.0
2374,177,0.0
2375,305,0.0
2376,168,
2377,10,
2378,270,1.0
2379,338,
2380,13,0.0
2381,7,1.0
2382,176,0.0
2383,38,1.0
2384,269,
2385,200,1.0
2386,59,1.0
2387,21,0.0
2388,81,0.0
2389,218,0.0
2390,172,1.0
2391,64,0.0
2392,92,1.0
2393,71,
2394,204,0.0
2395,332,1.0
2396,153,
2397,22,0.0
2398,49,
2399,197,1.0
2400,146,0.0
2401,77,
2402,338,
2403,162,
2404,136,1.0
2405,148,0.0
2406,9,
2407,170,
2408,7,0.0
2409,27,1.0
2410,115,1.0
2411,80,
2412,166,0.0
2413,92,1.0
2414,151,0.0
2415,122,0.0
2416,21,0.0
2417,99,1.0
2418,39,
2419,33,1.0
2420,295,0.0
2421,277,
2422,268,0.0
2423,117,0.0
2424,268,0.0
2425,77,
2426,19,
2427,279,
2428,224,
2429,185,0.0
2430,213,
2431,304,0.0
2432,256,0.0
2433,174,
2434,255,1.0
2435,37,
2436,70,0.0
2437,222,1.0
2438,115,0.0
2439,153,
2440,175,
2441,237,
2442,44,0.0
2443,248,
2444,292,1.0
2445,160,1.0
2446,80,
2447,307,
2448,222,0.0
2449,44,0.0
2450,26,0.0
2451,114,
2452,133,1.0
2453,1,
2454,265,0.0
2455,128,0.0
2456,344,
2457,286,0.0
2458,275,0.0
2459,173,0.0
2460,153,
2461,314,1.0
2462,204,1.0
2463,9,
2464,158,1.0
2465,13,0.0
2466,148,0.0
2467,295,
2468,295,1.0
2469,256,1.0
2470,148,0.0
2471,200,1.0
2472,249,
2473,35,1.0
2474,44,
2475,2,0.0
2476,253,
2477,314,0.0
2478,213,
2479,192,1.0
2480,161,1.0
2481,237,
2482,235,0.0
2483,324,1.0
2484,232,0.0
2485,177,0.0
2486,91,
2487,7,0.0
2488,54,1.0
2489,179,0.0
2490,269,
2491,128,1.0
2492,295,0.0
2493,54,0.0
2494,174,
2495,161,1.0
2496,92,1.0
2497,80,
2498,348,
2499,37,
2500,237,
2501,230,0.0
2502,217,0.0
2503,331,
2504,114,
2505,48,
2506,18,1.0
2507,82,1.0
2508,268,0.0
2509,48,
2510,17,
2511,295,1.0
2512,134,1.0
2513,237,
2514,95,
2515,255,0.0
2516,149,0.0
2517,59,1.0
2518,55,1.0
2519,56,0.0
2520,119,0.0
2521,156,1.0
2522,174,
2523,77,
2524,343,0.0
2525,9,
2526,219,
2527,1,
2528,245,1.0
2529,309,
2530,269,
2531,104,0.0
2532,5,0.0
2533,271,
2534,346,
2535,139,1.0
2536,135,
2537,83,1.0
2538,229,0.0
2539,187,
2540,171,
2541,128,1.0
2542,45,
2543,255,0.0
2544,155,0.0
2545,309,
2546,169,1.0
2547,221,
2548,70,0.0
2549,4,1.0
2550,190,1.0
2551,23,1.0
2552,270,0.0
2553,101,1.0
2554,220,
2555,295,0.0
2556,248,
2557,271,
2558,140,
2559,278,1.0
2560,173,
2561,90,1.0
2562,9,
2563,240,1.0
2564,99,1.0
2565,259,
2566,41,
2567,81,0.0
2568,236,0.0
2569,332,0.0
2570,204,1.0
2571,237,
2572,219,
2573,211,0.0
2574,229,0.0
2575,236,1.0
2576,295,1.0
2577,342,1.0
2578,19,
2579,177,0.0
2580,200,1.0
2581,4,0.0
2582,340,1.0
2583,207,
2584,257,0.0
2585,294,0.0
2586,235,0.0
2587,322,0.0
2588,22,1.0
2589,188,1.0
2590,312,1.0
2591,92,0.0
2592,72,0.0
2593,23,0.0
2594,163,
2595,82,1.0
2596,282,
2597,197,1.0
2598,190,0.0
2599,149,1.0
2600,58,0.0
2601,338,
2602,133,1.0
2603,242,
2604,125,1.0
2605,101,0.0
2606,47,
2607,340,1.0
2608,265,0.0
2609,10,
2610,236,0.0
2611,115,0.0
2612,150,1.0
2613,334,
2614,7,1.0
2615,45,
2616,328,0.0
2617,54,1.0
2618,205,1.0
2619,211,1.0
2620,3,0.0
2621,251,
2622,23,1.0
2623,58,0.0
2624,69,
2625,176,0.0
2626,182,
2627,44,1.0
2628,273,1.0
2629,255,1.0
2630,299,
2631,19,
2632,278,1.0
2633,181,1.0
2634,176,1.0
2635,47,
2636,5,0.0
2637,332,
2638,265,0.0
2639,192,1.0
2640,75,
2641,240,0.0
2642,324,0.0
2643,77,
2644,32,1.0
2645,39,
2646,344,
2647,129,1.0
2648,270,1.0
2649,169,0.0
2650,255,1.0
2651,7,1.0
2652,79,0.0
2653,113,0.0
2654,239,
2655,312,0.0
2656,81,1.0
2657,318,0.0
2658,22,1.0
2659,126,0.0
2660,96,1.0
2661,59,1.0
2662,224,
2663,40,0.0
2664,0,
2665,180,1.0
2666,295,0.0
2667,346,
2668,342,0.0
2669,177,0.0
2670,192,1.0
2671,270,0.0
2672,252,
2673,329,
2674,167,0.0
2675,321,0.0
2676,87,
2677,241,0.0
2678,267,0.0
2679,200,1.0
2680,138,0.0
2681,249,
2682,332,0.0
2683,292,0.0
2684,324,0.0
2685,54,1.0
2686,71,
2687,116,
2688,295,
2689,336,0.0
2690,55,1.0
2691,266,
2692,340,0.0
2693,103,
2694,265,1.0
2695,177,0.0
2696,143,
2697,277,
2698,129,1.0
2699,299,
2700,69,0.0
2701,225,0.0
2702,92,0.0
2703,344,
2704,169,1.0
2705,239,
2706,332,
2707,336,0.0
2708,69,0.0
2709,180,1.0
2710,153,
2711,22,0.0
2712,99,0.0
2713,88,1.0
2714,284,0.0
2715,265,1.0
2716,346,
2717,213,
2718,315,
2719,75,
2720,21,0.0
2721,131,1.0
2722,331,
2723,273,0.0
2724,211,0.0
2725,1,
2726,188,0.0
2727,297,
2728,304,0.0
2729,346,
2730,304,0.0
2731,302,
2732,236,1.0
2733,292,1.0
2734,10,
2735,271,
2736,295,0.0
2737,112,
2738,277,
2739,216,1.0
2740,260,0.0
2741,99,0.0
2742,255,1.0
2743,218,1.0
2744,47,
2745,99,1.0
2746,169,1.0
2747,197,1.0
2748,111,1.0
2749,331,
2750,342,0.0
2751,72,1.0
2752,56,0.0
2753,113,0.0
2754,321,0.0
2755,32,0.0
2756,102,1.0
2757,149,1.0
2758,292,1.0
2759,333,0.0
2760,203,0.0
2761,82,0.0
2762,181,1.0
2763,167,1.0
2764,3,1.0
2765,181,1.0
2766,57,1.0
2767,331,1.0
2768,344,
2769,195,1.0
2770,17,
2771,132,0.0
2772,3,1.0
2773,8,1.0
2774,176,1.0
2775,134,1.0
2776,215,
2777,280,1.0
2778,329,
2779,342,1.0
2780,338,
2781,19,
2782,82,1.0
2783,90,1.0
2784,169,0.0
2785,250,
2786,255,1.0
2787,23,1.0
2788,128,0.0
2789,83,1.0
2790,104,0.0
2791,305,1.0
2792,18,0.0
2793,206,0.0
2794,176,1.0
2795,29,
2796,186,
2797,150,0.0
2798,140,
2799,157,1.0
2800,49,
2801,307,
2802,99,0.0
2803,271,
2804,233,1.0
2805,174,
2806,342,0.0
2807,222,1.0
2808,238,
2809,163,
2810,272,1.0
2811,18,1.0
2812,236,0.0
2813,179,0.0
2814,23,0.0
2815,348,
2816,182,
2817,224,
2818,271,
2819,248,
2820,179,1.0
2821,16,0.0
2822,334,
2823,10,
2824,278,1.0
2825,55,0.0
2826,102,0.0
2827,244,
2828,35,1.0
2829,334,
2830,239,
2831,41,
2832,184,0.0
2833,232,1.0
2834,293,
2835,342,0.0
2836,200,1.0
2837,115,1.0
2838,221,
2839,44,0.0
2840,324,
2841,75,
2842,287,
2843,0,
2844,90,1.0
2845,314,0.0
2846,194,
2847,338,
2848,300,0.0
2849,278,1.0
2850,254,1.0
2851,232,0.0
2852,38,0.0
2853,167,0.0
2854,280,0.0
2855,0,
2856,227,1.0
2857,201,
2858,297,
2859,140,
2860,298,
2861,200,1.0
2862,298,
2863,217,0.0
2864,26,1.0
2865,198,
2866,265,1.0
2867,187,
2868,260,0.0
2869,125,0.0
2870,44,
2871,23,1.0
2872,88,1.0
2873,82,0.0
2874,249,
2875,27,0.0
2876,33,0.0
2877,99,0.0
2878,321,0.0
2879,124,1.0
2880,329,1.0
2881,251,
2882,200,1.0
2883,277,
2884,331,
2885,177,0.0
2886,49,
2887,16,1.0
2888,153,
2889,282,
2890,149,1.0
2891,13,1.0
2892,275,1.0
2893,177,0.0
2894,237,
2895,315,
2896,339,1.0
2897,128,1.0
2898,113,0.0
2899,307,
2900,188,1.0
2901,37,
2902,324,
2903,331,
2904,181,0.0
2905,14,
2906,214,
2907,44,
2908,71,
2909,44,1.0
2910,157,1.0
2911,346,
2912,215,
2913,44,1.0
2914,286,0.0
2915,64,1.0
2916,227,1.0
2917,260,1.0
2918,139,1.0
2919,230,0.0
2920,263,0.0
2921,298,
2922,150,0.0
2923,9,
2924,285,
2925,275,1.0
2926,174,
2927,70,1.0
2928,23,1.0
2929,331,0.0
2930,324,0.0
2931,77,
2932,339,0.0
2933,21,1.0
2934,270,1.0
2935,147,0.0
2936,0,
2937,342,0.0
2938,340,1.0
2939,162,
2940,176,1.0
2941,188,1.0
2942,182,
2943,282,
2944,224,
2945,299,
2946,129,1.0
2947,346,
2948,177,0.0
2949,12,1.0
2950,129,0.0
2951,185,0.0
2952,253,1.0
2953,64,1.0
2954,50,
2955,175,
2956,292,0.0
2957,227,0.0
2958,238,
2959,94,
2960,150,0.0
2961,112,
2962,153,
2963,196,0.0
2964,272,1.0
2965,81,1.0
2966,218,1.0
2967,334,
2968,124,0.0
2969,178,
2970,83,1.0
2971,298,
2972,332,0.0
2973,146,0.0
2974,277,
2975,153,
2976,106,
2977,13,0.0
2978,342,0.0
2979,272,0.0
2980,295,0.0
2981,81,1.0
2982,32,1.0
2983,70,0.0
2984,181,1.0
2985,46,1.0
2986,248,
2987,250,
2988,26,0.0
2989,181,1.0
2990,342,1.0
2991,247,1.0
2992,36,
2993,44,0.0
2994,297,
2995,173,0.0
2996,315,
2997,318,1.0
2998,64,1.0
2999,132,0.0
3000,339,0.0
3001,226,
3002,82,1.0
3003,173,
3004,84,0.0
3005,302,
3006,136,0.0
3007,314,0.0
3008,39,
3009,140,
3010,79,0.0
3011,275,1.0
3012,74,
3013,3,0.0
3014,272,1.0
3015,109,
3016,276,1.0
3017,160,0.0
3018,83,1.0
3019,26,0.0
3020,148,1.0
3021,154,
3022,61,0.0
3023,53,0.0
3024,332,
3025,173,0.0
3026,5,1.0
3027,341,1.0
3028,185,0.0
3029,242,
3030,160,0.0
3031,282,
3032,139,1.0
3033,44,0.0
3034,332,
3035,167,0.0
3036,90,0.0
3037,166,0.0
3038,207,
3039,95,
3040,217,1.0
3041,295,1.0
3042,269,
3043,161,0.0
3044,321,1.0
3045,63,1.0
3046,175,
3047,271,
3048,19,
3049,185,0.0
3050,111,0.0
3051,5,1.0
3052,32,1.0
3053,153,
3054,273,1.0
3055,85,0.0
3056,161,0.0
3057,341,1.0
3058,154,
3059,88,0.0
3060,58,1.0
3061,163,
3062,314,1.0
3063,148,1.0
3064,166,0.0
3065,140,
3066,346,
3067,96,1.0
3068,265,0.0
3069,54,0.0
3070,284,
3071,70,0.0
3072,99,0.0
3073,280,0.0
3074,139,1.0
3075,302,
3076,152,1.0
3077,14,
3078,99,1.0
3079,205,0.0
3080,242,
3081,139,0.0
3082,140,
3083,147,0.0
3084,202,1.0
3085,182,
3086,198,
3087,92,0.0
3088,136,1.0
3089,112,
3090,314,0.0
3091,138,0.0
3092,294,0.0
3093,103,
3094,233,0.0
3095,271,
3096,288,
3097,211,0.0
3098,339,1.0
3099,317,
3100,270,1.0
3101,312,0.0
3102,173,1.0
3103,270,1.0
3104,241,0.0
3105,280,0.0
3106,292,1.0
3107,204,1.0
3108,200,0.0
3109,297,
3110,124,
3111,314,0.0
3112,346,
3113,162,
3114,271,
3115,198,
3116,227,0.0
3117,305,0.0
3118,302,
3119,106,
3120,22,0.0
3121,5,1.0
3122,22,1.0
3123,184,0.0
3124,277,
3125,268,1.0
3126,309,1.0
3127,153,
3128,254,0.0
3129,307,
3130,27,1.0
3131,36,
3132,232,0.0
3133,77,
3134,269,
3135,329,
3136,69,1.0
3137,233,0.0
3138,93,1.0
3139,286,0.0
3140,19,
3141,278,1.0
3142,202,1.0
3143,271,
3144,307,
3145,205,1.0
3146,85,0.0
3147,178,
3148,16,1.0
3149,194,1.0
3150,84,0.0
3151,112,
3152,331,1.0
3153,13,1.0
3154,236,1.0
3155,330,0.0
3156,82,1.0
3157,71,
3158,245,1.0
3159,64,1.0
3160,114,
3161,279,1.0
3162,274,1.0
3163,54,1.0
3164,176,0.0
3165,140,
3166,66,0.0
3167,50,
3168,41,
3169,52,1.0
3170,242,
3171,282,
3172,239,
3173,175,
3174,71,
3175,239,
3176,285,
3177,283,1.0
3178,59,1.0
3179,327,0.0
3180,232,0.0
3181,300,1.0
3182,44,0.0
3183,271,
3184,22,0.0
3185,192,1.0
3186,236,0.0
3187,279,
3188,181,1.0
3189,83,
3190,296,
3191,108,
3192,336,1.0
3193,1,
3194,189,0.0
3195,109,
3196,260,0.0
3197,187,
3198,281,
3199,177,0.0
3200,244,
3201,178,
3202,102,1.0
3203,129,0.0
3204,322,1.0
3205,121,
3206,178,
3207,198,
3208,229,0.0
3209,13,1.0
3210,147,1.0
3211,75,
3212,346,
3213,175,
3214,270,0.0
3215,275,1.0
3216,207,
3217,114,
3218,13,0.0
3219,191,
3220,242,
3221,282,
3222,265,0.0
3223,208,
3224,146,1.0
3225,201,
3226,333,0.0
3227,276,1.0
3228,174,
3229,114,
3230,163,
3231,277,
3232,205,0.0
3233,327,0.0
3234,285,
3235,239,
3236,48,
3237,338,
3238,136,0.0
3239,158,0.0
3240,181,0.0
3241,279,
3242,331,
3243,151,0.0
3244,303,1.0
3245,271,
3246,110,1.0
3247,219,
3248,347,1.0
3249,178,
3250,153,
3251,44,0.0
3252,85,0.0
3253,228,1.0
3254,299,
3255,250,
3256,315,
3257,83,1.0
3258,188,1.0
3259,49,
3260,192,1.0
3261,139,0.0
3262,196,1.0
3263,302,
3264,47,
3265,285,
3266,8,
3267,170,
3268,276,1.0
3269,129,1.0
3270,267,1.0
3271,47,
3272,221,
3273,310,
3274,205,1.0
3275,129,0.0
3276,128,1.0
3277,185,0.0
3278,169,0.0
3279,324,
3280,331,
3281,342,1.0
3282,224,
3283,308,1.0
3284,343,1.0
3285,220,
3286,324,
3287,18,1.0
3288,295,0.0
3289,295,0.0
3290,4,
3291,14,
3292,237,
3293,223,0.0
3294,302,
3295,82,1.0
3296,77,
3297,311,
3298,343,0.0
3299,40,0.0
3300,227,1.0
3301,54,0.0
3302,42,0.0
3303,336,0.0
3304,219,
3305,245,0.0
3306,29,
3307,275,1.0
3308,44,1.0
3309,185,0.0
3310,92,1.0
3311,166,0.0
3312,112,
3313,85,0.0
3314,202,1.0
3315,152,
3316,236,0.0
3317,269,
3318,282,
3319,273,0.0
3320,44,0.0
3321,316,1.0
3322,339,0.0
3323,122,
3324,169,0.0
3325,197,0.0
3326,179,1.0
3327,41,
3328,235,1.0
3329,36,
3330,227,0.0
3331,171,
3332,314,0.0
3333,283,1.0
3334,296,
3335,51,0.0
3336,294,0.0
3337,326,1.0
3338,162,
3339,90,1.0
3340,336,1.0
3341,157,1.0
3342,128,1.0
3343,146,0.0
3344,111,1.0
3345,193,
3346,56,0.0
3347,47,
3348,197,0.0
3349,114,
3350,218,0.0
3351,61,1.0
3352,222,1.0
3353,181,1.0
3354,114,
3355,293,1.0
3356,128,0.0
3357,192,0.0
3358,89,
3359,78,
3360,312,0.0
3361,200,1.0
3362,246,
3363,344,
3364,227,1.0
3365,309,
3366,99,1.0
3367,47,
3368,286,0.0
3369,26,0.0
3370,22,0.0
3371,182,
3372,338,
3373,284,
3374,201,
3375,71,
3376,161,1.0
3377,150,0.0
3378,99,0.0
3379,343,0.0
3380,83,1.0
3381,299,
3382,108,
3383,217,1.0
3384,192,1.0
3385,229,0.0
3386,346,
3387,232,0.0
3388,235,1.0
3389,17,
3390,103,
3391,300,0.0
3392,181,1.0
3393,1,
3394,138,1.0
3395,302,
3396,23,1.0
3397,194,1.0
3398,237,
3399,53,1.0
3400,265,1.0
3401,197,0.0
3402,20,
3403,342,1.0
3404,167,1.0
3405,347,0.0
3406,95,
3407,280,0.0
3408,315,
3409,92,1.0
3410,236,1.0
3411,237,
3412,171,
3413,285,
3414,141,1.0
3415,249,
3416,124,1.0
3417,174,
3418,173,0.0
3419,253,
3420,148,0.0
3421,42,0.0
3422,28,1.0
3423,44,1.0
3424,331,
3425,147,1.0
3426,122,
3427,81,0.0
3428,37,
3429,319,
3430,116,
3431,6,
3432,101,1.0
3433,63,0.0
3434,232,0.0
3435,256,0.0
3436,72,1.0
3437,312,0.0
3438,118,0.0
3439,208,
3440,188,0.0
3441,188,1.0
3442,95,
3443,33,1.0
3444,99,
3445,346,
3446,78,
3447,321,0.0
3448,342,0.0
3449,204,0.0
3450,242,
3451,36,
3452,301,
3453,157,0.0
3454,219,
3455,266,
3456,153,
3457,258,
3458,318,0.0
3459,179,0.0
3460,151,0.0
3461,127,0.0
3462,55,1.0
3463,237,
3464,187,
3465,268,1.0
3466,108,
3467,58,0.0
3468,177,
3469,62,
3470,273,0.0
3471,178,
3472,148,1.0
3473,249,
3474,339,0.0
3475,250,
3476,178,
3477,224,
3478,302,
3479,89,
3480,221,
3481,110,0.0
3482,92,1.0
3483,146,1.0
3484,299,
3485,312,1.0
3486,302,
3487,161,1.0
3488,2,1.0
3489,338,
3490,14,
3491,286,0.0
3492,322,0.0
3493,162,
3494,340,0.0
3495,299,
3496,204,0.0
3497,110,1.0
3498,160,1.0
3499,79,0.0
3500,110,0.0
3501,258,
3502,177,
3503,302,
3504,114,
3505,77,
3506,236,1.0
3507,5,1.0
3508,32,0.0
3509,256,1.0
3510,66,0.0
3511,265,1.0
3512,72,0.0
3513,131,1.0
3514,78,
3515,321,1.0
3516,22,1.0
3517,280,0.0
3518,47,
3519,47,
3520,126,1.0
3521,166,0.0
3522,245,
3523,307,
3524,78,
3525,5,0.0
3526,163,
3527,278,0.0
3528,122,
3529,14,
3530,115,1.0
3531,340,1.0
3532,312,1.0
3533,271,
3534,146,1.0
3535,87,
3536,84,1.0
3537,14,
3538,276,0.0
3539,138,1.0
3540,190,0.0
3541,105,1.0
3542,220,
3543,245,1.0
3544,7,1.0
3545,152,1.0
3546,239,
3547,200,0.0
3548,22,1.0
3549,37,
3550,199,
3551,143,
3552,146,0.0
3553,275,1.0
3554,289,
3555,174,
3556,103,
3557,332,0.0
3558,306,
3559,331,0.0
3560,123,0.0
3561,127,0.0
3562,132,1.0
3563,94,
3564,346,
3565,136,0.0
3566,314,0.0
3567,130,
3568,74,
3569,213,
3570,22,1.0
3571,75,
3572,276,1.0
3573,192,0.0
3574,63,1.0
3575,107,
3576,199,
3577,346,
3578,47,
3579,169,0.0
3580,64,1.0
3581,270,1.0
3582,347,1.0
3583,173,1.0
3584,302,
3585,282,
3586,86,0.0
3587,32,1.0
3588,277,
3589,95,
3590,223,1.0
3591,334,
3592,177,1.0
3593,271,
3594,23,1.0
3595,192,0.0
3596,70,0.0
3597,242,
3598,161,0.0
3599,285,
3600,251,
3601,248,
3602,346,
3603,307,
3604,88,0.0
3605,276,1.0
3606,192,1.0
3607,84,1.0
3608,2,0.0
3609,180,0.0
3610,307,
3611,286,0.0
3612,319,
3613,200,1.0
3614,48,
3615,118,0.0
3616,317,
3617,151,0.0
3618,175,
3619,67,0.0
3620,268,1.0
3621,268,1.0
3622,273,0.0
3623,18,1.0
3624,63,0.0
3625,151,0.0
3626,122,
3627,275,1.0
3628,320,
3629,279,0.0
3630,27,1.0
3631,347,0.0
3632,146,1.0
3633,157,1.0
3634,336,1.0
3635,118,1.0
3636,271,
3637,126,0.0
3638,182,
3639,10,
3640,18,1.0
3641,338,
3642,309,
3643,282,
3644,185,0.0
3645,13,0.0
3646,166,0.0
3647,188,0.0
3648,149,0.0
3649,285,
3650,101,1.0
3651,149,1.0
3652,59,1.0
3653,244,
3654,26,
3655,201,
3656,272,1.0
3657,213,
3658,338,
3659,222,0.0
3660,179,1.0
3661,151,0.0
3662,178,
3663,174,
3664,304,0.0
3665,149,1.0
3666,219,
3667,162,
3668,223,1.0
3669,295,1.0
3670,278,1.0
3671,185,0.0
3672,184,0.0
3673,72,1.0
3674,59,0.0
3675,177,
3676,44,0.0
3677,304,0.0
3678,134,1.0
3679,64,1.0
3680,248,
3681,37,
3682,96,0.0
3683,346,
3684,133,1.0
3685,2,0.0
3686,115,0.0
3687,342,0.0
3688,117,1.0
3689,29,
3690,93,1.0
3691,49,
3692,187,
3693,70,0.0
3694,285,
3695,52,1.0
3696,27,0.0
3697,8,1.0
3698,12,0.0
3699,26,1.0
3700,128,1.0
3701,177,1.0
3702,265,1.0
3703,255,1.0
3704,326,0.0
3705,5,1.0
3706,29,
3707,295,0.0
3708,192,0.0
3709,102,0.0
3710,54,1.0
3711,276,1.0
3712,103,
3713,61,0.0
3714,32,1.0
3715,19,
3716,176,0.0
3717,17,
3718,173,
3719,207,
3720,88,1.0
3721,151,0.0
3722,200,0.0
3723,84,1.0
3724,327,0.0
3725,295,1.0
3726,44,
3727,126,0.0
3728,189,0.0
3729,220,
3730,322,0.0
3731,151,0.0
3732,44,
3733,174,
3734,163,
3735,298,1.0
3736,132,1.0
3737,152,1.0
3738,204,1.0
3739,185,0.0
3740,307,
3741,255,0.0
3742,212,1.0
3743,161,1.0
3744,108,
3745,273,1.0
3746,187,
3747,124,
3748,174,
3749,18,1.0
3750,109,
3751,66,0.0
3752,54,1.0
3753,42,1.0
3754,182,
3755,19,
3756,331,1.0
3757,249,
3758,340,0.0
3759,250,
3760,271,
3761,347,0.0
3762,181,1.0
3763,265,1.0
3764,245,0.0
3765,343,0.0
3766,334,
3767,305,1.0
3768,44,1.0
3769,94,0.0
3770,3,0.0
3771,304,0.0
3772,140,
3773,27,0.0
3774,343,1.0
3775,54,1.0
3776,87,
3777,270,1.0
3778,307,
3779,273,1.0
3780,237,
3781,324,
3782,324,
3783,138,0.0
3784,28,0.0
3785,115,1.0
3786,265,1.0
3787,294,0.0
3788,332,
3789,163,
3790,270,1.0
3791,3,1.0
3792,332,1.0
3793,235,1.0
3794,148,0.0
3795,241,0.0
3796,211,1.0
3797,254,0.0
3798,263,0.0
3799,102,1.0
3800,125,1.0
3801,187,
3802,279,0.0
3803,215,
3804,232,0.0
3805,295,0.0
3806,336,1.0
3807,44,
3808,334,
3809,213,
3810,146,0.0
3811,23,1.0
3812,179,0.0
3813,101,1.0
3814,227,0.0
3815,229,0.0
3816,182,
3817,95,
3818,170,
3819,224,
3820,340,1.0
3821,346,
3822,1,
3823,227,0.0
3824,330,0.0
3825,70,0.0
3826,329,
3827,32,1.0
3828,242,
3829,71,
3830,95,
3831,297,
3832,19,
3833,279,1.0
3834,271,
3835,340,0.0
3836,113,1.0
3837,275,1.0
3838,155,1.0
3839,282,
3840,44,0.0
3841,332,0.0
3842,269,
3843,197,1.0
3844,238,
3845,55,1.0
3846,241,1.0
3847,258,
3848,41,
3849,300,1.0
3850,189,0.0
3851,119,1.0
3852,7,1.0
3853,220,
3854,10,
3855,252,
3856,44,
3857,202,1.0
3858,9,
3859,240,0.0
3860,179,1.0
3861,238,
3862,124,
3863,327,0.0
3864,181,1.0
3865,222,0.0
3866,292,1.0
3867,329,
3868,279,0.0
3869,295,1.0
3870,294,0.0
3871,334,
3872,169,1.0
3873,10,
3874,244,
3875,163,
3876,249,
3877,298,1.0
3878,161,1.0
3879,338,
3880,250,
3881,294,0.0
3882,200,1.0
3883,58,1.0
3884,35,0.0
3885,124,0.0
3886,226,
3887,282,
3888,266,
3889,63,0.0
3890,245,0.0
3891,21,0.0
3892,236,0.0
3893,226,
3894,24,
3895,139,0.0
3896,54,0.0
3897,226,
3898,211,0.0
3899,272,1.0
3900,211,1.0
3901,99,0.0
3902,232,1.0
3903,263,0.0
3904,254,0.0
3905,250,
3906,187,
3907,8,0.0
3908,126,0.0
3909,236,0.0
3910,65,
3911,197,1.0
3912,129,0.0
3913,331,1.0
3914,346,
3915,102,1.0
3916,128,1.0
3917,299,
3918,174,
3919,251,
3920,48,
3921,213,
3922,251,
3923,99,1.0
3924,280,1.0
3925,255,1.0
3926,249,
3927,299,1.0
3928,272,1.0
3929,40,1.0
3930,251,
3931,103,
3932,256,0.0
3933,103,
3934,82,1.0
3935,92,1.0
3936,27,1.0
3937,55,1.0
3938,322,
3939,338,
3940,173,
3941,174,
3942,90,0.0
3943,331,
3944,269,
3945,7,0.0
3946,336,1.0
3947,346,
3948,152,1.0
3949,99,1.0
3950,256,0.0
3951,335,
3952,180,1.0
3953,213,
3954,346,
3955,108,
3956,59,0.0
3957,227,0.0
3958,177,
3959,237,
3960,339,1.0
3961,324,0.0
3962,70,1.0
3963,187,
3964,224,
3965,128,0.0
3966,308,1.0
3967,70,1.0
3968,346,
3969,177,1.0
3970,338,
3971,195,1.0
3972,107,
3973,167,1.0
3974,163,
3975,271,
3976,312,1.0
3977,241,1.0
3978,79,0.0
3979,55,1.0
3980,249,
3981,124,0.0
3982,126,0.0
3983,16,0.0
3984,314,0.0
3985,331,0.0
3986,292,1.0
3987,240,1.0
3988,5,0.0
3989,207,
3990,220,
3991,329,1.0
3992,169,1.0
3993,83,1.0
3994,221,
3995,329,
3996,47,
3997,338,
3998,279,1.0
3999,299,
4000,152,1.0
4001,251,
4002,292,1.0
4003,260,0.0
4004,53,1.0
4005,4,1.0
4006,322,1.0
4007,113,1.0
4008,300,1.0
4009,170,
4010,226,
4011,307,
4012,177,1.0
4013,41,
4014,47,
4015,111,0.0
4016,270,0.0
4017,40,0.0
4018,233,1.0
4019,92,0.0
4020,276,1.0
4021,292,0.0
4022,44,1.0
4023,57,1.0
4024,331,
4025,197,1.0
4026,107,
4027,237,
4028,47,
4029,305,0.0
4030,132,0.0
4031,178,
4032,251,
4033,279,
4034,274,0.0
4035,19,
4036,275,0.0
4037,248,
4038,305,0.0
4039,138,0.0
4040,186,
4041,140,
4042,160,1.0
4043,299,
4044,204,0.0
4045,188,1.0
4046,13,1.0
4047,246,
4048,278,1.0
4049,59,0.0
4050,47,
4051,302,
4052,181,0.0
4053,70,0.0
4054,142,
4055,138,0.0
4056,222,1.0
4057,289,
4058,267,0.0
4059,207,
4060,226,
4061,5,1.0
4062,282,
4063,106,
4064,138,0.0
4065,44,0.0
4066,135,
4067,160,0.0
4068,275,0.0
4069,192,1.0
4070,27,1.0
4071,19,
4072,341,0.0
4073,150,0.0
4074,250,
4075,95,
4076,265,1.0
4077,103,
4078,140,
4079,55,0.0
4080,134,1.0
4081,307,
4082,252,
4083,27,1.0
4084,288,1.0
4085,64,0.0
4086,97,
4087,114,
4088,181,1.0
4089,304,0.0
4090,152,
4091,324,
4092,258,
4093,19,
4094,146,1.0
4095,103,
4096,255,0.0
4097,241,0.0
4098,251,
4099,230,0.0
4100,222,0.0
4101,207,
4102,147,0.0
4103,94,
4104,179,1.0
4105,3,0.0
4106,314,1.0
4107,93,1.0
4108,192,0.0
4109,33,0.0
4110,185,0.0
4111,40,1.0
4112,198,
4113,205,0.0
4114,106,
4115,6,
4116,318,0.0
4117,252,
4118,286,0.0
4119,260,1.0
4120,336,1.0
4121,206,0.0
4122,332,1.0
4123,338,
4124,149,1.0
4125,321,1.0
4126,315,
4127,178,
4128,1,
4129,259,
4130,128,1.0
4131,19,
4132,12,0.0
4133,12,1.0
4134,257,1.0
4135,213,
4136,103,
4137,325,
4138,129,0.0
4139,72,0.0
4140,17,
4141,188,0.0
4142,198,
4143,17,
4144,332,
4145,247,1.0
4146,169,0.0
4147,73,1.0
4148,159,
4149,41,
4150,292,1.0
4151,146,0.0
4152,83,0.0
4153,222,1.0
4154,146,0.0
4155,270,0.0
4156,56,0.0
4157,213,
4158,197,0.0
4159,166,1.0
4160,263,1.0
4161,285,
4162,125,1.0
4163,128,0.0
4164,69,0.0
4165,195,0.0
4166,183,1.0
4167,103,
4168,232,1.0
4169,202,1.0
4170,213,
4171,211,1.0
4172,18,
4173,44,0.0
4174,95,
4175,53,1.0
4176,147,0.0
4177,214,
4178,315,
4179,334,
4180,271,
4181,94,
4182,246,
4183,185,0.0
4184,302,
4185,180,1.0
4186,277,
4187,288,0.0
4188,269,
4189,88,0.0
4190,72,1.0
4191,260,1.0
4192,332,1.0
4193,223,1.0
4194,298,
4195,217,1.0
4196,70,0.0
4197,200,1.0
4198,200,1.0
4199,305,0.0
4200,26,0.0
4201,61,0.0
4202,107,
4203,163,
4204,44,1.0
4205,276,1.0
4206,182,
4207,22,1.0
4208,182,
4209,315,
4210,282,
4211,199,
4212,195,0.0
4213,107,
4214,347,0.0
4215,153,
4216,106,
4217,96,1.0
4218,150,1.0
4219,286,0.0
4220,192,1.0
4221,332,
4222,347,0.0
4223,226,
4224,99,0.0
4225,111,1.0
4226,269,
4227,249,
4228,17,
4229,294,1.0
4230,343,0.0
4231,69,0.0
4232,302,
4233,222,1.0
4234,149,0.0
4235,265,0.0
4236,226,
4237,223,0.0
4238,83,0.0
4239,289,
4240,339,0.0
4241,173,1.0
4242,94,
4243,59,1.0
4244,93,0.0
4245,189,1.0
4246,107,
4247,78,
4248,342,1.0
4249,71,
4250,279,1.0
4251,307,
4252,173,0.0
4253,2,1.0
4254,292,0.0
4255,331,
4256,292,1.0
4257,277,
4258,69,1.0
4259,213,
4260,175,
4261,255,1.0
4262,107,
4263,207,
4264,340,1.0
4265,103,
4266,218,0.0
4267,319,
4268,44,1.0
4269,14,
4270,47,
4271,297,
4272,237,
4273,112,
4274,295,1.0
4275,200,1.0
4276,109,
4277,314,0.0
4278,72,1.0
4279,140,
4280,64,0.0
4281,12,1.0
4282,298,1.0
4283,347,1.0
4284,331,0.0
4285,177,1.0
4286,133,1.0
4287,233,0.0
4288,2,1.0
4289,310,
4290,44,
4291,151,0.0
4292,218,0.0
4293,53,0.0
4294,248,
4295,32,1.0
4296,122,
4297,227,0.0
4298,103,
4299,237,
4300,66,0.0
4301,283,1.0
4302,299,1.0
4303,147,1.0
4304,214,
4305,64,0.0
4306,149,1.0
4307,182,
4308,269,
4309,218,1.0
4310,182,
4311,175,
4312,176,1.0
4313,178,
4314,285,
4315,152,1.0
4316,188,0.0
4317,205,0.0
4318,340,0.0
4319,216,1.0
4320,42,1.0
4321,249,
4322,297,
4323,5,0.0
4324,265,0.0
4325,63,1.0
4326,220,
4327,277,
4328,17,
4329,14,
4330,1,
4331,23,0.0
4332,136,1.0
4333,332,1.0
4334,322,
4335,208,
4336,278,0.0
4337,27,0.0
4338,253,
4339,239,
4340,23,1.0
4341,195,0.0
4342,175,
4343,103,
4344,23,0.0
4345,167,0.0
4346,129,1.0
4347,297,
4348,69,1.0
4349,177,1.0
4350,14,
4351,112,
4352,24,
4353,52,1.0
4354,143,
4355,205,1.0
4356,297,
4357,63,0.0
4358,254,1.0
4359,112,
4360,140,
4361,217,0.0
4362,334,
4363,224,
4364,194,1.0
4365,321,1.0
4366,341,1.0
4367,277,
4368,255,0.0
4369,157,0.0
4370,314,0.0
4371,299,1.0
4372,102,1.0
4373,240,0.0
4374,26,1.0
4375,114,
4376,244,
4377,42,1.0
4378,79,0.0
4379,4,
4380,70,0.0
4381,269,
4382,160,1.0
4383,27,0.0
4384,276,0.0
4385,22,1.0
4386,157,0.0
4387,44,0.0
4388,153,
4389,254,1.0
4390,340,1.0
4391,33,1.0
4392,299,
4393,284,
4394,152,1.0
4395,1,
4396,70,1.0
4397,115,0.0
4398,0,
4399,122,
4400,169,0.0
4401,39,
4402,70,0.0
4403,250,
4404,339,1.0
4405,82,0.0
4406,114,
4407,175,
4408,289,
4409,37,
4410,295,0.0
4411,81,1.0
4412,23,0.0
4413,207,
4414,315,
4415,132,0.0
4416,222,1.0
4417,250,
4418,344,
4419,286,1.0
4420,10,
4421,277,
4422,256,0.0
4423,255,1.0
4424,277,
4425,14,
4426,138,1.0
4427,280,1.0
4428,7,1.0
4429,344,
4430,307,
4431,289,
4432,270,1.0
4433,149,1.0
4434,218,0.0
4435,84,0.0
4436,105,1.0
4437,329,
4438,115,1.0
4439,331,
4440,179,1.0
4441,188,1.0
4442,242,
4443,61,0.0
4444,105,0.0
4445,5,0.0
4446,79,
4447,300,1.0
4448,83,1.0
4449,220,
4450,265,0.0
4451,270,1.0
4452,213,
4453,70,1.0
4454,213,
4455,271,
4456,298,
4457,322,0.0
4458,77,
4459,19,
4460,42,1.0
4461,194,1.0
4462,152,1.0
4463,167,1.0
4464,256,0.0
4465,167,1.0
4466,331,0.0
4467,343,0.0
4468,166,0.0
4469,173,0.0
4470,14,
4471,300,1.0
4472,317,
4473,66,0.0
4474,2,0.0
4475,181,0.0
4476,343,1.0
4477,148,1.0
4478,107,
4479,289,
4480,88,1.0
4481,223,0.0
4482,332,
4483,171,
4484,300,1.0
4485,194,1.0
4486,249,
4487,247,0.0
4488,95,
4489,254,0.0
4490,32,0.0
4491,87,
4492,60,1.0
4493,312,1.0
4494,102,1.0
4495,245,1.0
4496,271,
4497,115,1.0
4498,339,1.0
4499,198,
4500,267,1.0
4501,83,1.0
4502,69,0.0
4503,342,1.0
4504,223,0.0
4505,298,
4506,292,0.0
4507,252,
4508,106,
4509,278,1.0
4510,292,0.0
4511,336,0.0
4512,71,
4513,225,0.0
4514,23,1.0
4515,56,0.0
4516,304,0.0
4517,156,1.0
4518,44,1.0
4519,138,1.0
4520,338,
4521,107,
4522,66,1.0
4523,211,0.0
4524,169,0.0
4525,21,0.0
4526,319,
4527,1,
4528,153,
4529,188,0.0
4530,54,0.0
4531,254,1.0
4532,185,0.0
4533,29,
4534,77,
4535,227,1.0
4536,219,
4537,216,0.0
4538,221,
4539,186,
4540,113,0.0
4541,192,
4542,157,0.0
4543,227,1.0
4544,342,1.0
4545,32,1.0
4546,324,0.0
4547,23,1.0
4548,255,1.0
4549,54,0.0
4550,304,0.0
4551,117,1.0
4552,188,0.0
4553,238,
4554,82,1.0
4555,332,1.0
4556,95,0.0
4557,27,1.0
4558,300,0.0
4559,263,1.0
4560,237,
4561,289,
4562,251,
4563,122,
4564,110,0.0
4565,188,1.0
4566,254,1.0
4567,138,0.0
4568,169,1.0
4569,271,
4570,167,0.0
4571,238,
4572,297,
4573,149,0.0
4574,279,
4575,324,0.0
4576,255,1.0
4577,49,
4578,12,0.0
4579,265,0.0
4580,285,
4581,5,1.0
4582,272,1.0
4583,39,
4584,115,0.0
4585,63,0.0
4586,295,0.0
4587,256,0.0
4588,25,
4589,323,1.0
4590,79,0.0
4591,149,0.0
4592,82,0.0
4593,182,
4594,134,1.0
4595,83,1.0
4596,167,0.0
4597,107,
4598,270,0.0
4599,13,0.0
4600,226,
4601,275,0.0
4602,294,0.0
4603,312,0.0
4604,265,0.0
4605,177,0.0
4606,213,
4607,76,
4608,249,
4609,294,1.0
4610,291,1.0
4611,205,0.0
4612,324,1.0
4613,84,1.0
4614,279,
4615,341,1.0
4616,280,0.0
4617,200,1.0
4618,160,1.0
4619,308,0.0
4620,256,0.0
4621,275,0.0
4622,177,
4623,218,1.0
4624,270,1.0
4625,180,0.0
4626,275,1.0
4627,254,0.0
4628,236,0.0
4629,1,
4630,334,
4631,181,1.0
4632,107,
4633,332,
4634,119,0.0
4635,268,1.0
4636,295,
4637,252,
4638,192,0.0
4639,69,0.0
4640,181,1.0
4641,167,1.0
4642,129,0.0
4643,113,0.0
4644,125,1.0
4645,81,1.0
4646,122,
4647,138,0.0
4648,23,0.0
4649,148,0.0
4650,252,
4651,195,0.0
4652,310,
4653,63,1.0
4654,170,
4655,136,0.0
4656,169,1.0
4657,315,
4658,103,
4659,176,0.0
4660,207,
4661,150,0.0
4662,293,1.0
4663,82,1.0
4664,167,1.0
4665,160,
4666,37,
4667,200,0.0
4668,279,0.0
4669,279,1.0
4670,63,0.0
4671,87,
4672,102,0.0
4673,124,
4674,14,
4675,200,1.0
4676,143,
4677,218,1.0
4678,265,1.0
4679,289,
4680,184,0.0
4681,10,
4682,279,
4683,341,1.0
4684,227,0.0
4685,299,
4686,254,1.0
4687,263,0.0
4688,18,0.0
4689,329,
4690,347,0.0
4691,232,0.0
4692,178,
4693,307,
4694,163,
4695,317,
4696,167,0.0
4697,35,1.0
4698,77,
4699,0,
4700,136,1.0
4701,124,
4702,1,
4703,9,
4704,185,0.0
4705,324,
4706,101,0.0
4707,115,0.0
4708,161,0.0
4709,272,0.0
4710,113,0.0
4711,309,
4712,1,
4713,110,0.0
4714,22,1.0
4715,10,
4716,162,
4717,309,
4718,113,
4719,132,0.0
4720,286,0.0
4721,237,
4722,313,
4723,250,
4724,318,1.0
4725,280,0.0
4726,270,0.0
4727,12,0.0
4728,8,1.0
4729,218,1.0
4730,148,0.0
4731,304,0.0
4732,115,1.0
4733,331,
4734,164,1.0
4735,8,0.0
4736,217,1.0
4737,84,1.0
4738,88,0.0
4739,232,0.0
4740,101,0.0
4741,277,
4742,139,1.0
4743,49,
4744,136,1.0
4745,81,0.0
4746,36,
4747,21,1.0
4748,1,
4749,304,0.0
4750,117,0.0
4751,167,1.0
4752,323,1.0
4753,22,0.0
4754,167,0.0
4755,120,0.0
4756,329,
4757,249,
4758,294,0.0
4759,252,
4760,227,0.0
4761,188,0.0
4762,152,1.0
4763,44,1.0
4764,167,0.0
4765,270,0.0
4766,28,1.0
4767,160,0.0
4768,149,0.0
4769,205,0.0
4770,254,1.0
4771,0,
4772,280,1.0
4773,252,
4774,17,
4775,255,0.0
4776,329,
4777,15,0.0
4778,115,1.0
4779,169,1.0
4780,294,1.0
4781,249,
4782,1,
4783,315,
4784,101,1.0
4785,79,1.0
4786,87,
4787,54,0.0
4788,263,0.0
4789,71,
4790,179,1.0
4791,247,1.0
4792,317,
4793,173,
4794,95,
4795,103,
4796,300,0.0
4797,9,
4798,44,0.0
4799,287,
4800,264,0.0
4801,113,1.0
4802,80,
4803,237,
4804,122,
4805,273,1.0
4806,85,1.0
4807,22,0.0
4808,157,0.0
4809,167,0.0
4810,286,1.0
4811,32,0.0
4812,343,0.0
4813,33,0.0
4814,139,0.0
4815,129,0.0
4816,143,
4817,32,1.0
4818,312,0.0
4819,8,1.0
4820,263,1.0
4821,63,1.0
4822,133,1.0
4823,85,0.0
4824,90,0.0
4825,16,0.0
4826,71,
4827,270,0.0
4828,61,0.0
4829,77,
4830,329,
4831,180,1.0
4832,81,0.0
4833,26,0.0
4834,174,
4835,124,
4836,41,
4837,23,0.0
4838,222,0.0
4839,329,1.0
4840,284,
4841,69,1.0
4842,82,1.0
4843,151,1.0
4844,237,
4845,250,
4846,33,1.0
4847,19,
4848,117,0.0
4849,182,
4850,214,
4851,139,1.0
4852,160,1.0
4853,175,
4854,39,
4855,79,1.0
4856,217,1.0
4857,32,1.0
4858,178,
4859,309,
4860,245,
4861,177,
4862,48,
4863,89,
4864,226,
4865,122,
4866,244,
4867,177,
4868,125,1.0
4869,272,0.0
4870,326,1.0
4871,122,0.0
4872,292,1.0
4873,342,1.0
4874,250,
4875,312,1.0
4876,265,0.0
4877,13,0.0
4878,234,1.0
4879,295,0.0
4880,99,0.0
4881,152,1.0
4882,13,1.0
4883,81,1.0
4884,265,1.0
4885,237,
4886,81,1.0
4887,266,
4888,250,
4889,153,
4890,42,1.0
4891,178,
4892,28,1.0
4893,235,0.0
4894,126,0.0
4895,346,
4896,88,1.0
4897,138,0.0
4898,55,1.0
4899,110,0.0
4900,122,
4901,222,1.0
4902,19,
4903,53,1.0
4904,213,
4905,114,
4906,249,
4907,298,
4908,34,
4909,242,
4910,12,1.0
4911,285,
4912,331,0.0
4913,19,
4914,64,1.0
4915,80,
4916,338,
4917,71,
